Number,Subject,Title,Article,ArticleXML,Created By,Created On,Description,Key Words,Modified By,Modified On,Status,BaseTemplate
AKB-01050,Service,Redressement de la patte de dérailleur,{6034f210-0978-4869-b8bc-1a04f7b14766},"<articledata><section id='0'><content>La patte de dérailleur est le dispositif pendu derrière la patte droite (fente d’essieu de la roue arrière dans le cadre) sur laquelle s’attache le dérailleur arrière. Sur certains vélos, elle fait partie du cadre. Sur la plupart des vélos haut de gamme, c’est une pièce métallique distincte, qui peut être remplacée en cas de dommage. </content></section></articledata>",First name Last name,21/01/2008,Redressement de la patte de dérailleur,patte de dérailleur,First name Last name,21/01/2008,Publié,Procédure
AKB-01031,Service,Ajustement des roulements de la roue avant,{619933e6-4de2-457e-802f-1d27ef45ddfb},"<articledata><section id='0'><content>Pour remettre en état les roulements, dévissez un contre-écrou et un cône de roulement de l’axe au-dessus d’un chiffon. Dans la plupart des moyeux, les roulements se détachent. Nettoyez tout le mieux possible, à l’aide d’un solvant ininflammable et non toxique pour les poumons. Examinez tout pour détecter l’usure, notamment les cônes de roulement, les cuvettes (surfaces intérieures du moyeu) et les billes de roulement. Les billes doivent être brillantes, pas ternes. Bien que ce soit rare, vérifiez quand même si le corps du moyeu n’est pas fendu ou craquelé, notamment sur les bords extérieurs des cuvettes. Mettez de la graisse neuve dans les cuvettes, plaquez les roulements dans la graisse, replacez les cônes et les contre-écrous sur l’axe et ajustez correctement. </content></section></articledata>",First name Last name,21/01/2008,Ajustement des roulements de la roue avant,"roulements, contre-écrou, cônes",First name Last name,21/01/2008,Publié,Procédure
AKB-01014,Composants,Informations de base sur le jeu de direction,{667b170f-3a6f-41e4-85bf-202c421532b2},"<articledata><section id='0'><content><![CDATA[Le jeu de direction est l’assemblage de roulements qui connecte la fourche avant au cadre.<BR>Il permet à la fourche de tourner pour la direction et l’équilibre. Le guidon doit tourner sans à-coups.]]></content></section><section id='1'><content><![CDATA[<P>Il existe des jeux de direction filetés ou non filetés.</P><P>Le jeu de direction fileté est constitué de roulements, de cuvettes, de cônes, de contre-écrous et de joints. Il s’adapte à une fourche au moyen d’un axe de direction fileté. Le jeu de direction non fileté est très comparable, mais il a une bague ajustable qui s'adapte sur un axe de direction non fileté.</P><P>Les roulements du jeu de direction doivent être maintenus ajustés pour éviter toute rotation déséquilibrée.</P><P>Il existe quatre bagues : la bague de couronne, la bague de roulement inférieure, la bague de roulement supérieure et la bague de hauteur.</P>]]></content></section></articledata>",First name Last name,21/01/2008,,"jeu de direction, diriger, axe de direction, équilibre, roulement, cuvette, cône, contre-écrou, joint",First name Last name,21/01/2008,Publié,Procédure
AKB-01013,Composants,Informations de base sur le cadre,{05e5e56d-ae6c-4f76-874c-2776bbee3b5e},"<articledata><section id='0'><content><![CDATA[Le cadre est le squelette du vélo. La partie avant du cadre comporte le tube de direction, le tube horizontal, le tube diagonal et le pédalier. La selle et la fourche y sont attachés. La partie arrière du cadre comporte le tube de selle, les bases de la fourche arrière et les haubans.]]></content></section><section id='1'><content><![CDATA[<P>Un jeu de cadre comporte le cadre et les fourches.</P><P>La taille du cadre se mesure en général à partir du centre du pédalier jusqu’au haut du tube de selle. L’unité de mesure est soit le pouce, soit le centimètre ; les vélos Adventure Works Cycle se mesurent en pouces.</P><P>Les cadres de vélos peuvent être en aluminium, titane ou acier. Chacun a des caractéristiques différentes telles que force, rigidité et poids, qui affectent la qualité de conduite. Le matériau dont est fait le cadre est moins important que le diamètre des tubes, la géométrie du cadre et l’épaisseur des parois des tubes.</P>]]></content></section></articledata>",First name Last name,21/01/2008,,"cadre, fourche, tube",First name Last name,21/01/2008,Publié,Procédure
AKB-01026,Vélos de tourisme,Manuel utilisateur des vélos de tourisme Adventure Works Cycle,{0135527b-8a19-4a60-81c0-290ddc2985b1},<articledata><section id='0'><content><![CDATA[Ce manuel concerne tous les modèles de vélos de tourisme :<BR>Tourisme-3000<BR>Tourisme-2000<BR>Tourisme-1000]]></content></section><section id='1'><content><![CDATA[<P>Table des matières</P><P>1. Les pièces d’un vélo</P><P>2. Géométrie et spécifications</P><P>3. Exécution d’un contrôle de sécurité </P><P>4. Entretien de votre vélo : Informations de base sur le réglage</P><BLOCKQUOTE dir=ltr style='MARGIN-RIGHT: 0px'><P>Retrait des roues avant et arrière<BR>Nettoyage et graissage</P></BLOCKQUOTE><P>5. Entretien de votre vélo : utilisateurs expérimentés</P><BLOCKQUOTE dir=ltr style='MARGIN-RIGHT: 0px'><P>Planning de maintenance<BR>Le système de freinage<BR>Vitesses et transmission<BR>Guidon et jeu de direction<BR>Suspension avant et arrière</P></BLOCKQUOTE><P>6. Revendeurs</P><P>7. Informations de garantie</P>]]></content></section></articledata>,First name Last name,21/01/2008,,"utilisateur, manuel, tourisme, vélo, pièce, géométrie, spécifications, maintenance, garantie",First name Last name,21/01/2008,Publié,Procédure
AKB-01046,Service,Réglage du dérailleur avant,{5c9df2b5-ea53-4d39-82e6-2a15b8d86f25},<articledata><section id='0'><content>Vérifiez que le collier du dérailleur est encore dans sa position d’origine et correctement aligné de telle sorte que le bord externe de la cage soit parallèle au grand plateau. Vérifiez la hauteur. Le bas du bord extérieur de la cage doit se trouver à 1 ou 2 mm au-dessus du grand plateau lorsque vous poussez le levier de vitesses pour amener la cage vers le haut. Le dérailleur doit être juste assez haut pour permettre de passer au grand plateau.</content></section></articledata>,First name Last name,21/01/2008,Réglage du dérailleur avant,"dérailleur avant, réglage",First name Last name,21/01/2008,Publié,Procédure
AKB-01007,Composants,Informations de base sur le changement de vitesse et la transmission,{7a5f4e36-f0d6-4e52-baeb-2a764ac4bb3c},"<articledata><section id='0'><content><![CDATA[Les vitesses vous permettent d’ajuster la vitesse de pédalage et la résistance qu’opposent les pédales. Vous changez de vitesse en fonction des conditions extérieures (vent, côtes) et de votre propre condition physique (détendu, fatigué). Les vitesses vous permettent de grimper les côtes plus facilement. Le changement de vitesse vous permet d’adopter différentes vitesses.]]></content></section><section id='1'><content><![CDATA[<P>Le changement de vitesse comporte le levier de vitesses, les câbles, les dérailleurs, les chaînes et les pignons.</P><P>Les vélos existent en modèles à plusieurs vitesses ou une seule vitesse. Un vélo à 10 vitesses a deux pignons à l’avant et cinq sur le moyeu de la roue arrière. Les pignons sont attachés aux manivelles des pédales. Le nombre de pignons avant multiplié par le nombre de pignons arrière détermine le nombre total de vitesses du vélo. Un vélo à 24vitesses possède trois pignons avant et huit pignons arrière.</P><P>Le dérailleur commande le passage d’un pignon à un autre.</P>]]></content></section></articledata>",First name Last name,21/01/2008,,"changement de vitesse, transmission, vitesse, levier de vitesses, pignon, dérailleur",First name Last name,21/01/2008,Publié,Procédure
AKB-01047,Service,Centrage de la jante,{8a0195b7-c659-49ce-801f-2b365d32ff1a},"<articledata><section id='0'><content>Remplacement de rayons faussés ou cassés. Pour retirer un rayon, dévissez l’écrou de rayon situé à l’intérieur de la jante, puis tournez le rayon pour l’extraire du moyeu. Pour une roue sans entrelaçage radial (presque tous les VTT), vous devrez peut-être retirer DEUX rayons pour en remplacer un, parce que la tige d’un rayon peut recouvrir la tête d’un autre.</content></section></articledata>",First name Last name,21/01/2008,Centrage de la jante,centrage,First name Last name,21/01/2008,Publié,Procédure
AKB-01009,Informations générales - Vélos,Comment acheter un vélo Adventure Works de la bonne taille,{c4eb8317-f76d-4b53-9f19-2f001843c068},"<articledata><section id='0'><content><![CDATA[Cet article donne des informations sur les critères de choix de la taille d’un vélo pour un individu.]]></content></section><section id='1'><content><![CDATA[<P><B>Taille du cadre</B></P><P>Règle de base pour la taille du cadre : lorsque vous enjambez la barre, il doit y avoir un espace suffisant entre vous et la barre, selon le type de vélo considéré :</P><P><OL><LI>Vélo de route ou de tourisme— 3 à 5 cm<LI>VTT— 8 à 12 cm;10 à 12 cm pour un cycliste téméraire</LI></OL><P>La barre des VTT doit être un peu plus basse parce que vous avez tendance à stopper plus brusquement et plus fréquemment sur un sol irrégulier. Veillez lors de l’achat à porter le même type de chaussures et de tenue que lorsque vous utiliserez votre vélo.</P><P>Ceci dit, il existe bien des façons de régler votre vélo avec précision à vos besoins. Essayez-le avant de l’acheter pour vous assurer que vous pourrez le régler confortablement.</P><P></P><P><B>Hauteur/angle de la selle</B></P><P>La hauteur de selle doit être réglée pour un pédalage confortable. Vos jambes doivent être presque mais pas tout à fait tendues lorsque la pédale est en bas de course. Lorsque vous pédalez, vérifiez que vous ne penchez pas d’un côté, et que la saillie des orteils de votre pied est posée au centre de la pédale.</P><P></P><P>L’inclinaison de la selle est question de préférence personnelle. Commencez avec la selle horizontale, et utilisez votre vélo plusieurs fois. Ajustez l’inclinaison jusqu’à trouver la position la plus confortable.</P><P></P><P>La selle peut aussi se régler vers l’avant ou vers l’arrière. Lorsque la pédale est en position 3 heures, votre genou doit être à la verticale au-dessus de la pédale.</P><P></P><P><B>Hauteur du guidon</B></P><P>Le guidon s’ajuste en hauteur, en fonction de votre type de conduite et de votre confort personnel. Commencez avec un guidon environ deux centimètres plus bas que votre selle. Déplacez vos mains du guidon vers les manettes de frein, et vérifiez que vous êtes à l’aise dans les deux cas.</P><UL><LI><DIV>Pour une position plus basse et aérodynamique, ou pour du cross-country avec beaucoup de côtes, abaissez le guidon. Votre dos se fatiguera plus vite.</DIV><LI><DIV>La conduite sur route ou de tourisme est généralement plus confortable avec un guidon plus haut. Ceci vous permet de voir et d’être vu.</DIV></LI></UL>]]></content></section></articledata>",First name Last name,21/01/2008,,"taille, route, tourisme, VTT, espace, cadre, selle, hauteur, inclinaison, adaptation, guidon",First name Last name,21/01/2008,Publié,Procédure
AKB-01054,Service,Peinture d’un vélo,{28b9face-098d-4a5e-ad26-31a0a22c7cf6},"<articledata><section id='0'><content>Maintenez la bombe ou le pistolet à environ 30 cm du vélo. Si vous êtes trop près, vous ne contrôlez pas l’application - la peinture peut couler ou déborder. Trop loin, la peinture peut être sèche avant d’avoir atteint le vélo, et vous obtenez une finition à grain, et une peinture peu durable. Vous pouvez avoir besoin de vous rapprocher ou de vous éloigner, selon la peinture et le matériel utilisés. Peignez tout d’abord tous les côtés de chaque intersection et de chaque patte. Puis, l’un après l’autre, peignez entièrement chaque tube du cadre. Selon la peinture utilisée, attendez le temps prescrit entre chaque couche. Ne mélangez jamais les marques ou les qualités de peinture. Ne peignez que lorsque le temps le permet. Si la température est trop basse ou trop élevée, s’il fait trop humide ou trop de vent, vous rencontrerez toutes sortes de problèmes : insectes collés sur la peinture, peinture qui ne sèche pas, etc.</content></section></articledata>",First name Last name,21/01/2008,Peinture d’un vélo,peinture,First name Last name,21/01/2008,Brouillon,Procédure
AKB-01045,Service,Ajustement des roues à trois vitesses,{4f901107-c2cf-4e5b-9f86-32f48c4c5399},"<articledata><section id='0'><content>Maintenez le levier de vitesses exactement entre la seconde et la troisième. Tournez la connexion entre le câble et la petite chaîne jusqu’à pouvoir faire tourner les pédales vers l’avant sans tourner la roue arrière. Lorsque ce« point mort» se trouve exactement entre la troisième et la seconde, le réglage est correct. Vissez le petit écrou moleté sur la petite chaîne. Ceci doit être fait avec soin, sinon le cycliste risque de rencontrer de sérieux problèmes si le vélo se met au point mort à un moment inattendu. </content></section></articledata>",First name Last name,21/01/2008,Ajustement des roues à trois vitesses,,First name Last name,21/01/2008,Publié,Procédure
AKB-01001,Informations générales - Vélos,Réglage de la selle,{76a8d1ae-a642-4967-9daf-39c7b28030b6},"<articledata><section id='0'><content><![CDATA[La hauteur, l’angle et la position avant/arrière de la selle de votre vélo peuvent se régler.]]></content></section><section id='1'><content><![CDATA[<P>Réglage de la hauteur - lorsque la pédale est en bas de course, votre genou doit être presque tendu. La selle doit être haute, mais pas trop : si le genou est trop tendu, le cycliste est mal à l’aise.</P><P>Si votre vélo est équipé d’un levier de réglage rapide sous la selle, débloquez-le, réglez la selle dans la position voulue, et bloquez le levier. Ne dépassez pas le trait de sécurité maximum indiqué sur le tube de selle.</P><P>La selle doit être presque horizontale. Si elle penche vers l’avant, vous glisserez vers l’avant et appuierez trop sur les mains et les bras.  Cette inclinaison est question de préférence personnelle.</P><P>La selle peut se régler plus vers l’avant ou vers l’arrière.  Elle est fixée sur le tube de selle au moyen d’une paire de rails métalliques. Desserrez l’écrou et faites glisser la selle vers l’avant ou l’arrière, puis resserrez-le.</P>]]></content></section></articledata>",First name Last name,21/01/2008,,"selle, réglage, hauteur, angle, position",First name Last name,21/01/2008,Brouillon,Procédure
AKB-01029,Service,Ajustement du dérailleur avant,{92f5284f-a71b-4311-a85d-3b6548d259a9},"<articledata><section id='0'><content>En tenant fermement d’une main chaque bras de manivelle, tirez et poussez latéralement pour voir s’il y a du jeu dans le pédalier (photo). Si nécessaire, utilisez les outils de pédalier appropriés pour éliminer ce jeu. Selon votre type de pédalier, vous devrez peut-être d’abord retirer le bras de manivelle. Tout jeu dans le roulement du pédalier rend impossible l’ajustement correct du dérailleur avant. Pendant que vous travaillez sur la manivelle, vérifiez chaque boulon avec la clé hexagonale 5 mm pour vous assurer qu’ils sont bien serrés. Soulevez la chaîne hors du plus petit plateau et placez-la sur le pédalier du cadre. Tournez la manivelle à la main et regardant les plateaux par au-dessus. En prenant comme repère un côté de la cage du dérailleur avant, observez si chaque plateau tourne droit. S’ils tournent de travers, rectifiez-les en serrant doucement avec la clé à molette (réglez les mâchoires juste assez large pour glisser au-dessus du plateau). Une autre façon de procéder consiste à taper doucement sur la partie voilée avec un maillet en plastique. Ceci requiert un peu de pratique, mais c’est efficace quand vous avez pris le coup de main. Replacez la chaîne sur le plateau. Retirez ensuite la butée d’extrémité du câble, desserrez le boulon d’ancrage avec une clé, et sortez le câble de son logement (le cas échéant). Remplacez le câble s’il est rouillé ou effiloché, et le logement s’il est usé ou corrodé. Faites passer le nouveau câble dans la manette, le logement (ou le guide du dérailleur), et arrêtez-le avec le boulon d’ancrage (photo). Ne le serrez pas encore. Appliquez une huile en bombe sur les pointes des pivots de dérailleur et essuyez le surplus. Vérifiez avec un tournevis que le boulon de la cage est bien serré.</content></section></articledata>",First name Last name,21/01/2008,Ajustement du dérailleur avant,"dérailleur avant, ajustement",First name Last name,21/01/2008,Publié,Procédure
AKB-01049,Service,Remplacement des patins de freins,{5162c1ce-7dee-4052-9e2b-3d431b2b3d17},"<articledata><section id='0'><content>Retirez l’ancien patin de frein. Auparavant, notez la position de la tige sur la fente de l’étrier de frein. Notez aussi comment la fente est située parmi les entretoises de joints à rotule sur la tige du frein. (L’un des jeux d’entretoises est plus grand que l’autre. Avec l’usure du frein, les entretoises ont pu être échangées.) S’il reste une bande de roulement ou des rainures sur le patin, notez dans quel sens. Le patin de pneu se retire en dévissant l'écrou à l’extrémité de la tige filetée. Mettez le patin neuf en place, après avoir vérifié s’il y a un sens de montage. En général, si le patin comporte des V, la pointe du V est dirigée vers l’arrière du vélo. Utilisez la plus large des entretoises de joints à rotule sur le côté patin de l’étrier si vous voulez que vos étriers soient bien écartés. Si vous les préférez plus proches, placez les entretoises les plus larges du côté écrou de l’étrier.</content></section></articledata>",First name Last name,21/01/2008,Remplacement des patins de freins,patins de freins,First name Last name,21/01/2008,Publié,Procédure
AKB-01052,Service,Réglage de la hauteur du guidon,{cf96f142-95d9-421c-a5cd-3deeeb553cf5},"<articledata><section id='0'><content>Le réglage de la hauteur du guidon peut rendre le vélo plus confortable. Cela modifie aussi le comportement du vélo. Avec un guidon plus haut, il est plus facile de se redresser dans les descentes raides. Un guidon plus bas est appréciable pour monter les côtes, parce que vous pouvez plus facilement faire porter votre poids vers l’avant du vélo. La hauteur du guidon dépend de la tige, qui fixe votre guidon sur le tube de direction. Si la tige est filetée, vous pouvez aisément élever ou abaisser le guidon sans rien démonter. Si elle n’est pas filetée, vous devez démonter les pièces et soit (1) insérer des bagues sous la tige, (2) acheter et installer une tige réglable, soit (3) les deux.</content></section></articledata>",First name Last name,21/01/2008,Réglage de la hauteur du guidon,guidon,First name Last name,21/01/2008,Publié,Procédure
AKB-01021,VTT,Manuel utilisateur des VTT Adventure Works Cycle,{70f7d696-f762-4838-8faf-4630927d4842},<articledata><section id='0'><content><![CDATA[<P>Ce manuel concerne tous les modèles de VTT :</P><P>VTT-500<BR>VTT-400<BR>VTT-300<BR>VTT-200<BR>VTT-100</P>]]></content></section><section id='1'><content><![CDATA[<P>Table des matières</P><P>1. Les pièces d’un vélo</P><P>2. Géométrie et spécifications</P><P>3. Exécution d’un contrôle de sécurité </P><P>4. Entretien de votre vélo : Informations de base sur le réglage</P><BLOCKQUOTE dir=ltr style='MARGIN-RIGHT: 0px'><P>Retrait des roues avant et arrière<BR>Nettoyage et graissage</P></BLOCKQUOTE><P>5. Entretien de votre vélo : utilisateurs expérimentés</P><BLOCKQUOTE dir=ltr style='MARGIN-RIGHT: 0px'><P>Planning de maintenance<BR>Le système de freinage<BR>Vitesses et transmission<BR>Guidon et jeu de direction<BR>Suspension avant et arrière</P></BLOCKQUOTE><P>6. Revendeurs</P><P>7. Informations de garantie</P><P>8. Acrobaties<BR></P>]]></content></section></articledata>,First name Last name,21/01/2008,,"utilisateur, manuel, VTT, modèle, pièce, géométrie, spécifications, maintenance, garantie, acrobatie",First name Last name,21/01/2008,Publié,Procédure
AKB-01028,Service,Ajustement du dérailleur arrière,{bee0d260-5b8e-4108-8288-481a8d8869a3},"<articledata><section id='0'><content>Coupez l’extrémité, desserrez le boulon d’ancrage et extrayez le câble. S’il est faussé ou rouillé, remplacez-le. Graissez les sections qui passent à l’intérieur de la gaine (photo) et réintroduisez le câble dans la gaine jusqu’au boulon d’ancrage. Tournez le barillet de réglage du dérailleur dans le sens des aiguilles d’une montre, puis dévissez-le d’un tour. Ne resserrez pas encore le boulon d’ancrage. Tout en pédalant de la main droite, appuyez sur le corps du dérailleur avec le pouce gauche (photo), ce qui enclenche le grand pignon. Relâchez la pression de votre pouce pour enclencher le plus petit pignon. Recommencez plusieurs fois pour repérer une éventuelle hésitation ou un défaut de l’enclenchement. La chaîne doit se déplacer sans à-coups sur le grand et le petit pignons. Si nécessaire, ajustez la latitude de déplacement du dérailleur en tournant (photo) les vis de limites du grand et du petit braquets (en général celles du haut et du bas, respectivement) pour permettre au dérailleur de se placer avec précision sur le grand et le petit pignons. Des tours dans le sens inverse des aiguilles d’une montre permettent un déplacement plus ample ; dans l’autre sens, ils limitent le déplacement. Continuez à changer les vitesses avec votre pouce et à régler les vis jusqu’à ce que la chaîne se place parfaitement sur chaque pignon sans hésitation ni déraillement (au-delà des pignons du haut ou du bas)</content></section></articledata>",First name Last name,21/01/2008,Ajustement du dérailleur arrière,"arrière, dérailleur, ajustement",First name Last name,21/01/2008,Brouillon,Procédure
AKB-01020,Informations générales - Société,Rappels Adventure Works Cycle,{34129253-faeb-462e-ac1c-57a6380acf97},"<articledata><section id='0'><content><![CDATA[Pour votre sécurité, prenez contact avec votre revendeur si vous possédez l’un des modèles de vélo qui suivent :<BR>Si vous avez renvoyé votre carte de garantie mentionnant votre numéro de série, vous<BR>allez recevoir un courrier personnalisé vous avertissant d’un éventuel rappel s’appliquant aux<BR>produits que vous avez achetés.]]></content></section><section id='1'><content><![CDATA[<P><STRONG>Rappel de la FOURCHE DU VéLO VTT :</STRONG></P><BLOCKQUOTE dir=ltr style='MARGIN-RIGHT: 0px'><P><U>MODèLES</U>: Tous les modèles de vélos de montagne de taille de cadre 38 ou 40 pouces, et fabriqués entre novembre 2001 et décembre 2001.</P><P><U>Problème</U>: Les fourches peuvent casser et blesser gravement le cycliste.</P><P> </P></BLOCKQUOTE><P><STRONG>Rappel BRAS DE MANIVELLE :</STRONG></P><BLOCKQUOTE dir=ltr style='MARGIN-RIGHT: 0px'><P><U>MODèLES</U>: Bras de manivelle des vélos Route modèles 550-W et 350-W avec un code date compris entre juin 2000 et août 2000.</P><P><U>Problème</U>: Peuvent casser, entraînant une chute.</P></BLOCKQUOTE><P> </P><P><STRONG>Rappel FIXATION SUR TUBE DE SELLE :</STRONG></P><BLOCKQUOTE dir=ltr style='MARGIN-RIGHT: 0px'><P><U>MODèLES</U>: Le Tourisme-2000 est le seul modèle concerné. Rapportez votre vélo pour<BR>          une évaluation chez votre revendeur local.</P><P><U>Problème</U>: La fixation sur le tube de selle peut être défectueuse. Il n’est pas possible d’identifier les<BR>           fixations défectueuses.  Pour éviter une blessure possible si la fixation cédait, toutes les<BR>           fixations de selles seront remplacées par une fixation en acier inox.<BR></P></BLOCKQUOTE>]]></content></section></articledata>",First name Last name,21/01/2008,,"rappel, sécurité, garantie",First name Last name,21/01/2008,Non approuvé,Procédure
AKB-01018,Questions des revendeurs,Liste des revendeurs et conditions,{39c31bf6-b367-4cbe-b114-6104e4744f84},"<articledata><section id='0'><content><![CDATA[Liste des revendeurs et conditions]]></content></section><section id='1'><content><![CDATA[Adressez vos demandes de revendeur à :<BR>Adventure Works Cycle<BR>Bothell, WA 555-0100<BR><A href='mailto:someone@example.com'>someone@exemple.com</A>]]></content></section></articledata>",First name Last name,21/01/2008,,"revendeur, liste, conditions",First name Last name,21/01/2008,Non approuvé,Procédure
AKB-01044,Service,Entretien du jeu de direction,{7f21b8e4-a82c-4d6b-aa4a-638c70d023d8},"<articledata><section id='0'><content>Vous pouvez avoir besoin de maintenir la cuvette de roulement - l’objet qui tourne, juste au-dessous du contre-écrou, lorsque vous desserrez le contre-écrou. Le mieux est une fine clé de contre-écrou de direction, mais vous pouvez trouver dans votre garage un autre outil qui convienne, par exemple une pince sur la cuvette de roulement et une clé à molette pour dévisser le contre-écrou. Dégagez maintenant la tige. (Certaines tiges sont maintenues par compression du contre-écrou -- à ce point, elles sont libérées.) Si la tige est coiffé d’une capsule pare-poussière, faites-la sauter. Insérez une clé hexagonale dans le boulon au sommet de la tige et tournez jusqu’à ce que le guidon se désolidarise de la roue. Sortez la tige du tube de direction. Posez le guidon soigneusement en évitant de déformer les câbles ! Par exemple, utilisez une pince en bois pour attacher la tige sur le côté du tube de direction. Desserrez maintenant la cuvette de roulement avec votre clé hexagonale ou un autre outil. En général, je penche le vélo pour que la fourche reste en place. Placez un grand récipient ou une bâche sous le vélo pour récupérer les pièces qui risquent de tomber. Dégagez la fourche du tube de direction. Si les roulements du bas ne sortent pas avec le jeu de direction, trouvez le moyen de les récupérer au fond du tube. Si les roulements ne sont pas maintenus par un clip, mettez-les dans un bol et comptez-les séparément (le haut puis le bas) pour pouvoir les replacer correctement. Remettez la roue avant en place (si vous l’aviez ôtée). Veillez à adapter la direction de la tige à celle du pneu avant. Fixez la tige dans le jeu de direction à l’aide de la clé hexagonale.</content></section></articledata>",First name Last name,21/01/2008,Entretien du jeu de direction,"jeu de direction, contre-écrou",First name Last name,21/01/2008,Brouillon,Procédure
AKB-01033,Service,Jeu de direction et tige de guidon,{ce09efa1-530f-4f7b-a862-6483f352f86e},"<articledata><section id='0'><content>Pour ajuster la hauteur de la tige, vous devez d’abord desserrer le boulon du haut de la tige de deux ou trois tours puis la faire descendre en tapant doucement avec un marteau. Ceci libère un système de blocage intérieur. Lorsque la tige est libérée, sortez-la et graissez l’arbre de la tige et le filetage du système de blocage. Pour réinstaller la tige, serrez le boulon lorsque vous êtes satisfait de sa position. La tige du guidon doit être enfoncée d’au moins 7 cm dans la fourche. Assurez-vous qu'elle est correctement serrée en essayant de tourner le guidon tout en bloquant la roue avant entre vos genoux. Vérifiez aussi que le guidon est bien fixé à la tige. </content></section></articledata>",First name Last name,21/01/2008,Jeu de direction et tige de guidon,"jeu de direction, guidon, tige",First name Last name,21/01/2008,Brouillon,Procédure
AKB-01042,Service,Retrait et remplacement de la manivelle cannelée,{2690b2ea-0974-4a17-b60c-6a0c915e307a},"<articledata><section id='0'><content>Insérez une clé hexagonale dans l’ouverture située à la base de la manivelle. C’est la même clé que celle utilisée pour retirer la vis à chapeau fileté de la manivelle sur un pédalier standard à emmanchement conique. Tournez dans le sens inverse des aiguilles d’une montre pour dévisser le boulon et la vis à chapeau fileté. (Le chapeau peut empêcher le boulon de sortir totalement de la manivelle -- ce n’est pas nécessaire, il vous suffit de le desserrer.)</content></section></articledata>",First name Last name,21/01/2008,Retrait et remplacement de la manivelle cannelée,"manivelle, cannelée, clé hexagonale",First name Last name,21/01/2008,Publié,Procédure
AKB-01043,Service,Remplacement de la fourche avant,{c553be01-2aa0-496b-8020-6c224b5cc11e},"<articledata><section id='0'><content>Il est possible de remplacer une fourche avant pour (1) améliorer les amortisseurs, (2) permettre l’ajout de freins à disque, (3) remplacer une fourche faussée ou tordue, ou (4) choisir une couleur plus belle. En général, les pièces de la fourche avant (en cas de choc d’un seul côté par exemple) ne se remplacent pas individuellement -- vous devez changer l’ensemble. </content></section></articledata>",First name Last name,21/01/2008,Remplacement de la fourche avant,"fourche avant, amortisseurs",First name Last name,21/01/2008,Publié,Procédure
AKB-01016,Composants,Informations de base sur les roues,{30ef391f-c895-4454-8213-6cde155c7b23},"<articledata><section id='0'><content><![CDATA[La roue est constituée du moyeu (la partie centrale qui se fixe sur le cadre), de la jante (qui reçoit le pneu et la chambre à air), des rayons (qui maintiennent la jante) et des pneus. Voir l’article distinct sur les pneus et les chambres à air.]]></content></section><section id='1'><content><![CDATA[<P>Le moyeu est le centre de la roue ; il a un essieu, un carter et des roulements.</P><P>Certains moyeux sont équipés de freins incorporés.</P><P>La jante est le cadre métallique extérieur.</P><P>La roue avant se fixe sur la fourche.</P><P>Les moyeux à déblocage instantané vous permettent de retirer la roue sans outils.</P><P>Le centrage des roues doit être effectué par votre fournisseur. Cela consiste à les centrer et les aligner correctement afin que les patins de freins ne frottent pas.</P>]]></content></section></articledata>",First name Last name,21/01/2008,,"roue, moyeu, jante, pneu",First name Last name,21/01/2008,Publié,Procédure
AKB-01027,Service,Remplacement de la broche de blocage,{5089965a-7041-4ae8-b579-75935f9942c1},"<articledata><section id='0'><content>La broche de blocage est l’« axe» de la roue Elle maintient le moyeu de la roue dans les pattes de la fourche. Si la broche de blocage est tordue, elle peut causer une rotation irrégulière de la roue. Actionnez le levier de déblocage instantané pour dégager la broche. Dévissez le bouchon à l’autre extrémité de la broche, suffisamment pour dégager la roue de la fourche. Continuer de dévisser le bouchon pour le détacher de la broche.Retirez la broche en la tirant du côté du déblocage instantané. Inspectez et nettoyez la broche. Si elle est tordue, remplacez-la. Attention, les ressorts s’installent sur la broche avec leur extrémité LARGE tournée vers l’extérieur, vers la capsule et le déblocage instantané.</content></section></articledata>",First name Last name,21/01/2008,Remplacement de la broche de blocage,"broche de blocage, axe",First name Last name,21/01/2008,Publié,Procédure
AKB-01002,Informations générales - Vélos,Informations de base sur le réglage,{ecd0ec96-4965-4a45-8c06-75ca68a601b0},"<articledata><section id='0'><content><![CDATA[AWC vous recommande de porter votre vélo chez un revendeur agréé pour la plupart des questions de maintenance. Veillez à contrôler votre vélo avant et après chaque course pour vérifier qu’aucune pièce n’est desserrée.]]></content></section><section id='1'><content><![CDATA[<P><STRONG>GRAISSAGE<BR></STRONG>Nettoyez et huilez fréquemment votre chaîne. Ne versez aucun lubrifiant sur les jantes, sinon vous aurez des problèmes de freinage ! Graissez périodiquement les câbles de freins et de dérailleur ainsi que les pivots. </P><P><BR><STRONG>ROUES ET PNEUS</STRONG><BR>Inspectez les roues et les jantes de votre vélo avant chaque course. Vérifiez que les roues sont correctement alignées, et qu'aucun rayon ne manque ou n’est desserré.</P><P><BR><STRONG>FREINS<BR></STRONG>Assurez-vous que vos freins fonctionnent, en roulant en avant et en arrière tout en actionnant les manettes de freins. Ils doivent freiner sec. Vérifiez l’usure de vos garnitures de freins.  Les câbles de freins se détendent à l’usage et doivent être ajustés.</P><P><STRONG>JEU DE DIRECTION<BR></STRONG>Assurez-vous que le guidon tourne librement sans gêne. Levez la roue avant et faites-la tourner en avant et en arrière pour vous assurer qu'elle n'est pas voilée ou mal fixée.</P><P><STRONG>NETTOYAGE DE VOTRE VéLO<BR></STRONG>Lavez votre vélo avec de l’eau et un détergent léger. N’utilisez pas de tuyau sous pression. Après lavage, séchez avec un chiffon doux.  Ne mouillez pas les paliers pour ne pas affecter leur graissage.</P>]]></content></section></articledata>",First name Last name,21/01/2008,,"maintenance, vérifier, contrôler, frein, nettoyer",First name Last name,21/01/2008,Non approuvé,Procédure
AKB-01053,Service,Conseils pour les pneus sans chambre,{834dff73-9568-4d21-b1cd-878561c51221},"<articledata><section id='0'><content> Pour installer un pneu neuf sur un système sans chambre à air, placez à l’intérieur une chambre et gonflez-la à 4 bars (60 PSI). Laissez le pneu un jour ou deux dans un lieu chaud, ou roulez avec.  Le talon du pneu d’adapte à la jante et les« plis» dus au pliage du Kevlar dans une boîte disparaissent.  Retirez alors la chambre à air, et gonflez le pneu avec un produit d’étanchéité. Vous pouvez envisager d’utiliser un pneu UST standard à l’arrière.  Il est plus lourd, mais plus résistant au niveau de la jante aux coupures dues à des rochers et des racines, et risque moins de se fendre sur la bande en vieillissant.  Les fonds de jante sont fragiles et présentent facilement des fuites autour de la jante.  Veillez à utiliser le petit boulon pour fixer la tige. Sinon, vous risquez de pousser le fond de jante dans le pneu (et non pas sous le talon du pneu) lorsque vous essaierez de gonfler le pneu.  Tous les 90 jours, retirez votre pneu, enlevez la pâte et remplacez avec un produit d’étanchéité neuf. Si vous ne le faites pas, il épaissit et se transforme en gel.  Le produit Stan's fragilise le caoutchouc sur les flancs du pneu. Après un mois ou deux, le pneu risque d’éclater. Les marques de pneus spécialisés semblent plus sujets à ces accidents.  Si vous avez une roue sans chambre UST, essayez d’utiliser un pneu standard avec 30 dcl de produit d’étanchéité pour pneus Stan's. Il est plus léger que tout autre type de produits pour pneus.  Vous pouvez reproduire le système Stan’s vous-même. Vous pouvez acheter du produit d’étanchéité moins cher dans un magasin automobile. Les fonds de jante peuvent se fabriquer avec une chambre de diamètre inférieur et une lame de rasoir. (Il y a une technique pour fabriquer ces bandes, mais c’est faisable.)  Si vous utilisez le produit d’étanchéité Stan's, il est inutile de rapiécer les petites fuites. Le bouchon initial durcit avec la chaleur et l’usage. La« boue» finira pas se décoller, et le vieux trou deviendra un nouveau trou  Il y a des moyens d’étanchéifier des jantes non-UST avec du ruban d’emballage ou isolant ; c’est efficace et vous n’êtes pas obligé d’acheter le fond de jante Stan's.  Sur un pneu non-UST, le talon est plus brut que sur un vrai pneu sans chambre, et l’air a tendance à fuir lentement. étalez avec un chiffon un peu de Slime (ou une autre marque de produit d’étanchéité) sur le talon du pneu et à l’intérieur de la jante avant de gonfler le pneu. Mais NE LE FAITES PAS si votre roue n’est pas parfaitement à l’abri du sable et de la poussière !  Procurez-vous quelques flacons souples en plastique. Coupez le haut pour obtenir un entonnoir qui s’adapte dans la valve de la doublure du pneu. En remplissant, veillez à avoir plein de grumeaux dans le produit d’étanchéité - ils aident à colmater les trous plus importants. Emportez un flacon dans votre sac chaque fois que vous montez à vélo.  Achetez une minipompe avec double fonction de gonfleur à cartouche de CO2, et de pompe normale. Si vous avez de gros pneus, le gonfleur CO2 risque de ne pas gonfler le pneu suffisamment. Avec un gonfleur double fonction, vous pouvez utiliser la pompe pour compléter la pression après injection du CO2.  Procurez-vous un gonfleur CO2 utilisant des cartouches à petit col, non fileté. Achetez vos cartouches de rechange dans un magasin de sport, vous les paierez deux fois moins cher que dans un magasin de vélos.  Achetez un petit compresseur avec réservoir pour gonfler vos pneus (magasins de peinture). Procurez-vous un onduleur de puissance de briquet et emportez votre compresseur dans vos randonnées. Vous n’imaginez pas combien de fois j’ai économisé 3 dollars de cartouche de CO2, et même ceux qui ont des pneus avec chambre raffolent de mon système.</content></section></articledata>",First name Last name,21/01/2008,Conseils pour les pneus sans chambre,pneus sans chambre,First name Last name,21/01/2008,Publié,Procédure
AKB-01055,Service,Alignement de la roue,{dca7ac91-afdf-4dea-8b14-8f81f4a6fb5a},"<articledata><section id='0'><content>Laissez la roue sur le vélo, et le pneu et la chambre gonflés. Suspendez le vélo. Faites tourner la roue pour détecter dans quel secteur elle est le plus courbée. Utilisez les patins de freins (peut-être ajustés plus serré) ou un crayon tenu près du cadre pour marquer clairement l’emplacement de la courbure.Si vous raccourcissez certains des rayons qui relient le secteur courbé au côté du moyeu opposé à la direction de la courbure, ou si vous allongez les rayons du côté de la courbure, la jante doit retrouver la bonne forme.</content></section></articledata>",First name Last name,21/01/2008,Alignement de la roue,alignement,First name Last name,21/01/2008,Publié,Procédure
AKB-01025,Vélos de tourisme,Fonctionnalités de personnalisation pour le vélo de tourisme Adventure Works Cycle,{809d9151-fbf5-404d-b3c3-8fcde97bee01},"<articledata><section id='0'><content><![CDATA[<P><B>Toutes les options et les suppléments sont disponibles sur les modèles suivants :</B></P><UL dir=ltr><LI><DIV >Série BK-T18 (tourisme niveau standard)</DIV><LI><DIV></DIV><LI><DIV>Série BK-T79 (tourisme haut de gamme)<o:p></o:p></DIV></LI></UL>]]></content></section><section id='1'><content><![CDATA[<P><B>Options :<B></P><UL><LI><DIV>Pédales </DIV><UL><LI><DIV>Cale-pied &amp; fixation</DIV><LI><DIV>Clipless</DIV></LI></UL><LI><DIV>Tube de selle</DIV><UL><LI><DIV>court (54,5 cm)</DIV><LI><DIV>standard (57,5 cm)</DIV><LI><DIV>long (60,5 cm)</DIV></LI></UL><LI><DIV>Couleur de cadre</DIV><UL><LI><DIVNoir</DIV><LI><DIV>Rouge</DIV><LI><DIV>Bleu</DIV><LI><DIV>Gris métallisé</DIV><LI><DIV>Jaune</DIV></LI></UL><LI><DIV>Matériau du cadre</DIV><UL><LI><DIV>Alliage aluminium</DIV><LI><DIV>Acier</DIV></LI></UL><LI><DIV>Poignées— anatomiques</DIV><LI><DIV>Selle</DIV><UL><LI><DIV>super molle</DIV><LI><DIV>réfléchissante</DIV><LI><DIV>cuir</DIV></LI></UL><LI><DIV>Pneus— tous terrains</DIV><LI><DIV>Porte-bagages et garde-boue</DIV></LI></UL><P class=MsoNormal style='MARGIN: 0in 0in 0pt'><B style='mso-bidi-font-weight: normal'>Suppléments :<o:p></o:p></B></P><UL><LI><DIV>Finition enduit lustré</DIV><LI><DIV>Décalcomanies</DIV><LI><DIV>Réflecteurs</DIV><LI><DIV>Support deux bouteilles</DIV><LI><DIV>Manuel de l’utilisateur</DIV></LI></UL>]]></content></section></articledata>",First name Last name,21/01/2008,,"personnalisé, fonctionnalité, tourisme, option, supplément, BK-T18, BK-T44, BK-T79",First name Last name,21/01/2008,Publié,Procédure
AKB-01035,Service,Retrait et remplacement des pignons,{b19716a8-d0fe-404b-a7f8-921669db939a},"<articledata><section id='0'><content>Les pignons doivent être retirés pour le remplacement des rayons de la roue arrière. Ou bien vous devez dégager un pignon spécifique pour redresser une dent tordue. Avec le temps, les dents s’usent et toute la roue libre doit être remplacée. Si vous nettoyez régulièrement votre chaîne et si vous la changez tous les 1500 km, vos pignons dureront plus longtemps.</content></section></articledata>",First name Last name,21/01/2008,Retrait et remplacement des pignons,"pignons, retrait",First name Last name,21/01/2008,Publié,Procédure
AKB-01051,Service,Entretien du coussin poreux de l’amortisseur,{3022b43c-5a24-415f-b669-9248251df5b8},"<articledata><section id='0'><content>Le coussin poreux est le joint qui empêche la poussière et les débris de pénétrer dans votre amortisseur. Il a pour rôle d’essuyer la saleté lorsque le piston s’enfonce dans le cylindre. Pour jouer correctement son rôle, il doit être imbibé de lubrifiant. S’il est sec, la saleté reste sur la tige et attaque le revêtement. Le coussin poreux doit être nettoyé et lubrifié après 25 heures de course.</content></section></articledata>",First name Last name,21/01/2008,Entretien du coussin poreux de l’amortisseur,amortisseurs,First name Last name,21/01/2008,Publié,Procédure
AKB-01048,Service,"Centrage, en fonction de la tension des rayons",{830bb3a0-c7f1-41d4-90b1-9866dcc67764},"<articledata><section id='0'><content>Rayons dans l’ensemble assez lâches : Resserrez deux rayons attachés du côté de l’intervalle, 1/4 de tour pour chacun (sens des aiguilles d’une montre) Rayons à peu près droits, en moyenne : Resserrez deux rayons du côté du taraud, 1/8 de tour pour chacun (sens des aiguilles d’une montre) Desserrez les rayons intermédiaires (attachés sur l’autre côté), 1/8 de tour pour chacun Rayons semblant dans l’ensemble trop serrés : Desserrez deux rayons à L’OPPOSé de l’intervalle, 1/4 de tour pour chacun (sens inverse des aiguilles d’une montre)</content></section></articledata>",First name Last name,21/01/2008,"Centrage, en fonction de la tension des rayons","centrage, rayon",First name Last name,21/01/2008,Brouillon,Procédure
AKB-01024,Vélos de route,Spécifications et géométrie des vélos de route,{54618781-8dc9-4b56-aaa2-9929b4d6feb8},"<articledata><section id='0'><content><![CDATA[Spécifications détaillées et géométrie des vélos de route]]></content></section><section id='1'><content><![CDATA[<P><STRONG>Géométrie des vélos de route<BR></STRONG> <BR>Tailles                                  38      40      42      48</P><P><BR>Hauteur en surplomb (pouces)            26,9    28,0    30,4    31,6   <BR>Angle du tube de selle(degrés)     73,1    73,1    73,1    73,1<BR>Angle du tube de direction(degrés)     70,0    70,0    70,0    70,0<BR>Longueur du tube horizontal (pouces)             21,2    22,5    23,1    23,5<BR>Longueur des bases (pouces)            16,7    16,7    16,7    16,7<BR>Hauteur du pédalier (pouces)     12,2    12,2    12,2    12,2<BR>Empattement (pouces)                     41,8    42,0    42,7    43,8</P><P> </P><P><STRONG>Spécifications du vélo de route</STRONG></P><P>Tailles :                 38, 40, 42, 46, 48, 50, 52 <BR>Couleurs :                Noir, Argent<BR>Cadre :                Aluminium traité thermiquement<BR>Fourche :                  débattement variable<BR>Jeu de direction :             partie haute AWC<BR>   <BR>Manivelles :            Triple aluminium<BR>Pédalier:   Acier chromé<BR>Dérailleur avant:    Maillon large<BR>Dérailleur arrière:     Roulement annulaire<BR>Leviers de vitesses :        8, 9, ou 10 vitesses<BR>Chaîne:                 Chaîne à rouleaux 3/32'</P><P>Roue libre :          Roulement annulaire 8, 9 ou 10 vitesses   <BR>Moyeu :              Composition arrière, disque<BR>Rayons :              Acier inox<BR>Jantes :                  fibre de carbone<BR>Pneus :                 700 x 23c sans chambre<BR>   <BR>Freins :               Disque mécanique<BR>Manettes de freins :       Alliage, ajustables<BR>Pédales :               Résine, clipless<BR>Guidon :         Renforcé<BR>Tube de selle :           AWC Compétition<BR>Selle :              Vinyle noir, rails titane<BR></P>]]></content></section></articledata>",First name Last name,21/01/2008,,,First name Last name,21/01/2008,Publié,Procédure
AKB-01005,Composants,Informations de base sur le guidon et les poignées,{87f36d3a-51d4-4370-8382-99fdbeb98bae},"<articledata><section id='0'><content><![CDATA[Il existe divers types de guidons pour les VTT, les vélos de ville et les vélos de tourisme.<BR>Les guidons de VTT vous permettent de conserver une position aérodynamique durant de longues périodes sans vous fatiguer les bras.]]></content></section><section id='1'><content><![CDATA[<P>Le guidon de course est recourbé vers le bas.</P><P>Les guidons droits sont les plus courants et offrent le meilleur confort parce que le corps peut être en position droite.</P><P>Une bande de tissu, de plastique ou de cuir peut entourer le guidon pour offrir une meilleure prise.</P><P>Les pièces sont le guidon, les rallonges de guidon, la poignée, la potence et la bande.</P><P>Les rallonges de guidon sont des poignées orientées vers le haut placées aux extrémités du guidon, qui vous donnent une meilleure prise dans les côtes.</P><P>Le guidon est fixé au tube de direction.</P>]]></content></section></articledata>",First name Last name,21/01/2008,,"guidon, poignée, aérodynamique, position, tube, extrémité, poignée, potence, bande",First name Last name,21/01/2008,Brouillon,Procédure
AKB-01036,Service,maintenance de la chaîne,{120c057d-d57f-4b55-b0d6-9c30356118da},"<articledata><section id='0'><content>Mesure de la longueur d’une chaîne contenant 12 plaques extérieures. Du premier axe de la plaque n°1 au premier axe de la plaque n°12, la chaîne mesure exactement 12 pouces. (Pour vérifier si la chaîne s’est détendue, placez une chaîne neuve à côté de la vieille.) Tirez latéralement sur la chaîne (courbez-la doucement de côté, ou tenez-la de façon qu’elle fléchisse latéralement en penchant). La chaîne ne doit pas fléchir de plus de 2 pouces pour une longueur de 12 pouces. Si la chaîne ne remplit pas l’une ou l’autre de ces conditions, elle doit être remplacée.</content></section></articledata>",First name Last name,21/01/2008,maintenance de la chaîne,chaîne,First name Last name,21/01/2008,Publié,Procédure
AKB-01037,Service,Remplacement de la manette de frein,{76bbad2e-1dbe-4432-8d3e-9f567f4ddc4a},"<articledata><section id='0'><content>Tirez la manette de frein vers l’arrière pour découvrir l’agrafe de butée. S’il y a une fente dans la poignée et des boutons de réglage de la tension des câbles, alignez-les pour dégager le câble. Tenez le câble et faites-le tourner pour que la fente de l’agrafe de butée soit alignée avec le câble. Soulevez le câble hors de l’agrafe de butée.</content></section></articledata>",First name Last name,21/01/2008,Remplacement de la manette de frein,"frein, manette",First name Last name,21/01/2008,Publié,Procédure
AKB-01040,Service,Changement des patins de freins,{bd9a0419-5f51-4bc9-b0e6-a30f0c937231},"<articledata><section id='0'><content>Pour changer les patins de frein, retirez la roue. Prenez un patin par sa poignée. Déplacez la poignée vers l’intérieur de la fente, et tirez fermement. (Sur les modèles Avid et Hayes, une agrafe maintient les patins. Vous devez forcer la résistance de cette agrafe.) Le patin glisse hors de son logement. Tournez les dispositifs de réglage des patins (les deux boutons interne et externe) pour élargir l’espacement de l’étrier, et faire de la place pour les patins neufs, plus épais. Insérez les nouveaux patins. Attention, les patins ont un recto et un verso, un haut et un bas. Appuyez sur le patin jusqu’à sentir un clic : il est en place. Vérifiez que les patins sont bien maintenus par l’agrafe, et placés au-dessus du piston de l’étrier. Un patin mal installé ne fonctionnera pas.</content></section></articledata>",First name Last name,21/01/2008,Changement des patins de freins,patins de freins,First name Last name,21/01/2008,Publié,Procédure
AKB-01030,Service,Ajustement du pédalier,{3aeb818c-3235-4416-84cd-a40a21dfeefa},"<articledata><section id='0'><content>Desserrez le contre-écrou ou la bague extérieurs (filetée à gauche sur la plupart des vélos américains, donc pour desserrer, tournez dans le sens des aiguilles d’une montre), tournez l’écrou intérieur pour obtenir l’ajustement correct, puis resserrez le contre-écrou ou la bague. Vous devrez peut-être recommencer plusieurs fois pour parvenir au bon réglage. Vérifiez l’ajustement sans la chaîne. Les roulements ne doivent pas être lâches, mais les manivelles doivent tourner librement.</content></section></articledata>",First name Last name,21/01/2008,Ajustement du pédalier,"pédalier, contre-écrou, manivelle",First name Last name,21/01/2008,Publié,Procédure
AKB-01056,Service,Installation de poignées,{c7a8ef2e-3ffa-46ea-ba3b-a57905e0d559},"<articledata><section id='0'><content>Placées aux extrémités de la plupart des guidons, les poignées offrent un endroit confortable et sûr où poser les mains. L’installation de poignées de guidon peut nécessiter un peu de technique. Pour retirer d’anciennes poignées, si elles ne doivent plus être utilisées, vous pouvez les découper avec un grand couteau. Si vous voulez les conserver, procédez de l’une des façons suivantes :1. Envoyez de l’air comprimé sous le bord intérieur des poignées, vous pourrez les faire glisser facilement. Ne remplissez pas le guidon d'air comprimé. C’est dangereux et inutile. 2. Maintenez le guidon et le bord de la poignée avec des pinces (et un chiffon pour éviter de rayer le guidon). Tapez sur le côté des pinces avec un marteau doux pour débloquer la poignée.Pour installer des poignées, mouillez légèrement la poignée et le guidon, et faites glisser la poignée doucement d’un seul mouvement. N’utilisez votre vélo que lorsque l’eau aura séché et que la poignée se sera resserrée. Si la poignée résiste ou reste bloquée à mi-parcours, vous pouvez souffler de l’air comprimé sous sa bordure ; l’air décollera la poignée du guidon, agissant comme un lubrifiant. Si vous n’avez pas d’air comprimé, tapez sur le bord de la poignée avec un marteau doux. </content></section></articledata>",First name Last name,21/01/2008,Installation de poignées,poignées,First name Last name,21/01/2008,Publié,Procédure
AKB-01039,Service,Ajustement de la tension du câble,{52900f0e-abda-4dff-903d-a8f726f5c326},"<articledata><section id='0'><content>Le câble étant détendu, poussez légèrement vers le haut le bras d’activation jusqu’à ce qu’il ne bouge plus. (à ce stade, il a poussé les patins contre le rotor.) Tirez maintenant environ un ou deux centimètres de câble.Fixez le câble. Serrez la manette de frein pour voir si le freinage intervient à un point confortable pour la main. Normalement, vous devez avoir au moins 2,5 cm entre le guidon et la manette de frein lorsque le frein freine« à bloc». Si nécessaire, réajustez la position du bras d’activation sur le câble, jusqu’à ce que le freinage intervienne à un point raisonnable. </content></section></articledata>",First name Last name,21/01/2008,Ajustement de la tension du câble,"câble, tension",First name Last name,21/01/2008,Publié,Procédure
AKB-01017,Composants,Graissage de la chaîne d’un vélo Adventure Works Cycle,{3039fa89-2164-4bf8-ae08-adc6161bf7a0},"<articledata><section id='0'><content><![CDATA[<P><STRONG>Concerne les modèles :</STRONG></P><UL><LI><DIV>Tourisme</DIV><LI><DIVRoute</DIV><LI><DIV>VTT</DIV></LI></UL><P><STRONG>Numéros de produits commençant par :</STRONG></P><UL><LI><DIV>BK-T</DIV><LI><DIV>BK-R</DIV><LI><DIV></DIV></LI></UL>]]></content></section><section id='1'><content><![CDATA[<P><B>Pourquoi :</B><?xml:namespace prefix = o ns = 'urn:schemas-microsoft-com:office:office' /></P><P>La chaîne de votre vélo est constamment exposée aux éléments extérieurs. Vous devez graisser et nettoyer fréquemment votre chaîne pour réduire l’usure de la chaîne et des dents. Ceci allongera considérablement la vie des pignons et de la transmission. Si vous sortez souvent par temps humide, il sera nécessaire de graisser la chaîne plus souvent. Tâtez la chaîne avec vos doigts. Si vos mains ne sont pas grasses, il est temps de graisser votre chaîne.</P><P> </P><P><B>Comment faire</B></P><P>La bonne maintenance de la chaîne tient en deux étapes.  Nettoyez la chaîne en pulvérisant un bon produit dégraissant, puis lavez ce produit et appliquez ensuite l’agent lubrifiant.</P><P> </P><P>Le type de lubrifiant dépend des conditions dans lesquelles vous roulez le plus : temps sec ou temps pluvieux.  Si vous roulez par temps très sec, prenez un lubrifiant de type cire ou paraffine.  Il attire moins la poussière sur la chaîne, mais vous devrez le renouveler souvent en cas de pluie, et il n’est pas aussi efficace qu’un lubrifiant à base d’huile.  Un lubrifiant huile attire la poussière, mais dure plus longtemps car il résiste à l’eau.</P><P> </P><P><B>Procédure :</B></P><OL><LI>Suspendez le vélo sur un râtelier ou placez sa barre horizontale sur l’angle d’une table.<LI>Nettoyez la chaîne avec un bon dégraissant et lavez-la.  Ou bien achetez une machine à nettoyer les chaînes de vélos.  Il s’agit d’un petit boîtier qui s’attache sur la partie inférieure de la chaîne et qui la fait passer dans un bain de solvant, en général au moyen d’un système de brosses et de rouleaux.  Ceci applique une méthode de récurage qui nettoie les rouleaux de la chaîne.<LI>Tournez les pédales vers l’arrière à la main, tout en versant l’huile en un fin filet sur les rouleaux. Faites faire deux tours complets à la chaîne.<LI>Si nécessaire, essuyez l’huile en excédent en maintenant un torchon absorbant sur la chaîne tout en tournant les pédales.</LI></OL><P><B>Les pièges à éviter :</B></P><UL><LI><DIV>N’utilisez pas de vaporisateur pour ne pas répandre d’huile à côté.</DIV><LI><DIV>Attention si vous choisissez un lubrifiant de type cire.  Ils ne durent pas longtemps.</DIV><LI><DIV>Nettoyez et dépoussiérez la chaîne avant de la graisser, car l’huile neuve risque d’entraîner la saleté à l’intérieur de la chaîne.</DIV><LI><DIV>Si votre chaîne commence à grincer ou à sécher, graissez-la immédiatement !  Vérifiez la chaîne <U>avant</U> de partir à vélo.</DIV></LI></UL>]]></content></section></articledata>",First name Last name,21/01/2008,,"BK-T, BK-R, BK-M, tourisme, route, VTT, chaîne, huile, graissage, nettoyer, dégraisser, maintenance, cire, paraffine",First name Last name,21/01/2008,Publié,Procédure
AKB-01004,Composants,Chaînes et roues libres,{17409b05-d502-4b17-8b69-b2bb0a4fd313},"<articledata><section id='0'><content><![CDATA[La roue libre est l’ensemble de pignons qui équipent la roue arrière.  Elle ne tourne que dans une direction, d’où son nom. Elle vous permet de laisser aller en roue libre, sans pédaler.]]></content></section><section id='1'><content><![CDATA[<P>La chaîne passe d’un pignon à un autre lorsque vous changez de vitesse.  Elle transmet vos efforts de pédalage à la roue arrière.  Elle est guidée par le dérailleur, et commandée par la manette de dérailleur.</P><P>Les roues libres doivent être lubrifiées de temps à autre. Pour une maintenance optimale, voir l’article distinct sur le graissage de la chaîne. à l’usage, la chaîne se détend et n’est plus correctement tendue sur les pignons.</P>]]></content></section></articledata>",First name Last name,21/01/2008,,"chaîne, roue libre, roue, pédale, pignon, changement de vitesse, transmission, dérailleur, manette de dérailleur",First name Last name,21/01/2008,Publié,Procédure
AKB-01012,Composants,Informations de base sur le dérailleur,{fe8d9244-5a4d-4413-9e5a-b38761f2de4f},"<articledata><section id='0'><content><![CDATA[Un dérailleur est un appareil qui permet de passer les vitesses sur un vélo en déplaçant la chaîne entre des plateaux ou des pignons de tailles différentes.]]></content></section><section id='1'><content><![CDATA[<P>Le dérailleur avant est une forme de cage qui déplace la chaîne latéralement d'un plateau à l'autre.<BR>Le dérailleur arrière est similaire mais contient également un bras avec des galets à ressort qui tendent la chaîne lorsqu'elle se déplace sur des pignons plus petits.</P><P>Les vélos Adventure Works Cycles sont équipés de cages de chaîne en alliage léger plaqué nickel qui résistent à l'usure.</P><P>Les liaisons parallèles en aluminium forgé sont extra larges pour offrir plus de rigidité et améliorer la réaction au changement de vitesse.</P><P>Comporte un galet de tension (dérailleur) et une poulie de guidage.</P><P>Compatible sept vitesses, pour pédalier triple, changement de vitesses de précision avec coefficient de frottement réduit, grand diamètre de galet et lignes courbes.</P>]]></content></section></articledata>",First name Last name,21/01/2008,,"dérailleur, changement de vitesses, vitesse, cage, bras, galet, ressort",First name Last name,21/01/2008,Brouillon,Procédure
AKB-01008,Composants,Anatomie de la selle,{1c90c757-e2ea-4579-9299-b60543211892},"<articledata><section id='0'><content><![CDATA[La selle du vélo peut être en cuir ou en plastique. Les selles de cuir sont poreuses et respirent mieux que les selles de plastique. Mais elles coûtent plus cher et demandent une période d’adaptation. Elle sont moulées sur une forme métallique. Les selles en plastique sont moulées autour d’un coussin de gel ou de mousse.]]></content></section><section id='1'><content><![CDATA[<P>Plusieurs critères doivent être pris en compte pour le choix d’une selle, et la plus molle n’est pas forcément la meilleure. La largeur de la selle est critique en matière de confort. </P><P>Vérifiez et essayez le réglage de la selle avant de déterminer qu’elle n’est pas confortable. Une bonne hauteur de selle est essentielle pour le confort.</P><P>La suspension du vélo peut aussi être cause d’une gêne que vous attribuez à la selle.</P>]]></content></section></articledata>",First name Last name,21/01/2008,,"selle, cuir, plastique, métal, forme, mousse, coussin",First name Last name,21/01/2008,Publié,Procédure
AKB-01022,Sponsoring des cyclistes,Liste et profils de l’équipe cycliste,{33d2346a-b510-4c64-b89f-b712c074726c},"<articledata><section id='0'><content><![CDATA[Liste et profils de l’équipe cycliste]]></content></section><section id='1'><content><![CDATA[<P>Les cyclistes actuels de l’équipe AWC sont les suivants :</P><P>John <BR>fait partie de l’équipe AWC depuis 1999.<BR>Il a gagné de nombreuses compétitions.<BR>Il monte sur VTT.</P><P>Sophie <BR>est entrée dans l’équipe en 2001.<BR>C’est une concurrente acharnée sur route, elle a gagné l’an dernier la course sur route la plus cotée.</P><P>Georges<BR>court pour AWC depuis cette année.<BR>Spécialiste sur VTT, il a un fort potentiel.</P><P><BR>Vous pouvez envoyer vos CV à :<BR>Adventure Works Cycle<BR>Bothell, WA 505-0100<BR><A href='mailto:someone@example.com'>someone@exemple.com</A><BR></P>]]></content></section></articledata>",First name Last name,21/01/2008,,"cycliste, profil, équipe, CV",First name Last name,21/01/2008,Publié,Procédure
AKB-01003,Composants,Informations de base sur les pneus et les chambres à air,{7713c596-1917-45d9-8562-c13d8ac88b59},"<articledata><section id='0'><content><![CDATA[Les pneus sont constitués de trois composants : 1) deux anneaux de câble d’acier renforcé nommés talons, 2) un tissu qui forme le corps du pneu, et qui est tissé entre les deux anneaux - habituellement faits de nylon et appelés fils câblés, et 3) le caoutchouc qui recouvre les talons et les fils câblés.]]></content></section><section id='1'><content><![CDATA[<P>à l’intérieur se trouve une chambre à air dotée d’une valve.</P><P>Pour réparer une crevaison, il vous faut un démonte-pneu. Démontez la roue du vélo, puis à l’aide du démonte-pneu, séparez le pneu de la jante. Retirez la chambre à air.</P><P>Pour replacer le pneu sur la jante, replacez la valve dans le trou ménagé pour la valve.</P><P>Lorsque vous partez en vélo, emportez toujours des rustines, une pompe, une chambre à air neuve et un démonte-pneu.</P><P>Vérifiez souvent le gonflage des pneus. Examinez la bande de roulement<BR>Les pneus à crampons, les pneus lisses, les bords de bandes de roulement agressifs adhèrent mal sur la chaussée.</P>]]></content></section></articledata>",First name Last name,21/01/2008,,"pneu, chambre, carcasse, dégonflé, valve, tube, jante",First name Last name,21/01/2008,Publié,Procédure
AKB-01038,Service,Alignement du mécanisme d’étrier,{e2590750-e89c-4b88-993c-d0aa00245509},"<articledata><section id='0'><content>Desserrez les deux boulons qui maintiennent le corps du frein sur la fourche. Ces boulons sont orientés vers l’avant le long de l’axe du rotor, un au-dessus et un au-dessous des étriers. Les trous pour ces boulons ménagent un certain jeu qui permet de positionner le mécanisme de l’étrier. Si l’étrier est visiblement tordu, vous pouvez lui donner un petit coup pour le recentrer sur le rotor. Tournez maintenant le dispositif de réglage de la patte intérieure jusqu’à ce que celle-ci touche le rotor. Puis faites de même pour la patte extérieure pour qu’elle serre étroitement la partie tournante. (Les deux pattes serrées forcent le corps de l’étrier à s’aligner avec le rotor.)</content></section></articledata>",First name Last name,21/01/2008,Alignement du mécanisme d’étrier,"étrier, alignement",First name Last name,21/01/2008,Brouillon,Procédure
AKB-01011,Composants,Informations de base sur les freins,{bb35c730-0568-49bb-b826-ddf16e34b756},"<articledata><section id='0'><content><![CDATA[La plupart des freins de vélo utilisent un mécanisme de type étrier pour serrer les porte-patins sur la jante. Un seul mécanisme est utilisé pour resserrer les porte-patins. Un frein cantilever a deux bras séparés, un de chaque côté de la jante.]]></content></section><section id='1'><content><![CDATA[<P>Les roues doivent être en bon état. Il est essentiel de surveiller les jantes. Les surfaces de freinage ne doivent pas être usées. Les patins de freins doivent se trouver à la bonne distance de la jante.</P><P>Il existe des freins à disque, à blocage, hydrauliques et à câble.</P><P>Un frein à mâchoires est en général monté sur l’entretoise, un tube connectant les haubans.</P><P><BR>Il convient de vérifier que les manettes de frein sont étroitement fixées sur le guidon.</P>]]></content></section></articledata>",First name Last name,21/01/2008,,"frein, porte-patin, jante, manette, guidon, bras, patin, disque, blocage rapide, hydraulique, câble",First name Last name,21/01/2008,Publié,Procédure
AKB-01023,Vélos de route,Manuel utilisateur des vélos de route Adventure Works Cycle,{53269fc8-44d4-4e05-b519-e3f0f56bb2bb},<articledata><section id='0'><content><![CDATA[Ce manuel concerne tous les modèles de vélos de route :<BR>Route-750<BR>Route-650<BR>Route-550<BR>Route-450<BR>Route-350<BR>Route-250<BR>Route-150]]></content></section><section id='1'><content><![CDATA[<P>Table des matières</P><P>1. Les pièces d’un vélo</P><P>2. Géométrie et spécifications</P><P>3. Exécution d’un contrôle de sécurité </P><P>4. Entretien de votre vélo : Informations de base sur le réglage</P><BLOCKQUOTE dir=ltr style='MARGIN-RIGHT: 0px'><P>Retrait des roues avant et arrière<BR>Nettoyage et graissage</P></BLOCKQUOTE><P>5. Entretien de votre vélo : utilisateurs expérimentés</P><BLOCKQUOTE dir=ltr style='MARGIN-RIGHT: 0px'><P>Planning de maintenance<BR>Le système de freinage<BR>Vitesses et transmission<BR>Guidon et jeu de direction<BR>Suspension avant et arrière</P></BLOCKQUOTE><P>6. Revendeurs</P><P>7. Informations de garantie</P>]]></content></section></articledata>,First name Last name,21/01/2008,,"utilisateur, manuel, route, vélo, pièce, géométrie, spécifications, maintenance, garantie",First name Last name,21/01/2008,Publié,Procédure
AKB-01032,Service,Ajustement des roulements de la roue arrière,{2ce909ca-7c28-4f86-8c18-e8d0541a0e9d},"<articledata><section id='0'><content>Sur les vélos équipés d’un dérailleur, vous devez retirer la roue libre pour ajuster correctement les cônes. Pour retirer la roue libre, il vous faut un outil spécial adapté à la marque de votre roue libre. Il en existe six types courants. Portez votre vélo chez le revendeur pour qu’il vous donne le bon modèle. La plupart des démonteurs de roue libre coûtent moins de douze dollars. Insérez entièrement l'outil de démontage. S’il est équipé de dents, revissez légèrement le boulon de l’essieu ou la broche à déblocage instantané pour empêcher l’outil de glisser. Prenez le démonteur avec une pince ou une grosse clé et dévissez dans le sens inverse des aiguilles d’une montre. La roue libre peut être très serrée. Si vous utiliser le démonteur denté, après avoir desserré la roue libre, retirez le boulon de l’essieu ou la broche à déblocage instantané, avant de finir de dévisser la roue libre. Ajustez les roulements de la roue de la même façon que pour une roue avant.</content></section></articledata>",First name Last name,21/01/2008,Ajustement des roulements de la roue arrière,"roulements, contre-écrou, broche",First name Last name,21/01/2008,Publié,Procédure
AKB-01041,Service,Ajustement du mécanisme de manette de frein,{04666505-e630-4197-af79-e92e441bc5d8},"<articledata><section id='0'><content>Tendez le câble de frein au moyen de l’écrou de réglage sur la manette de frein, pour finir de régler le point auquel le frein se déclenche. Lorsque vous appuyez sur la manette, les freins doivent se déclencher à un point qui convienne à votre main. Il doit rester environ 2,5 cm d’espace entre la manette et le guidon lorsque vous freinez très fort. Certains préfèrent ne laisser qu’environ 1 cm, mais vous courez le risque de ne plus pouvoir freiner si la manette finit par toucher le guidon. Si vous avez les doigts courts, ou si vous voulez les manettes plus près de votre main, vous pouvez ajuster la position de départ de la manette.</content></section></articledata>",First name Last name,21/01/2008,Ajustement du mécanisme de manette de frein,manette de frein,First name Last name,21/01/2008,Publié,Procédure
AKB-01010,Composants,Informations de base sur la suspension,{1fd13077-7bc3-4cd7-a200-eb5487908c0a},"<articledata><section id='0'><content><![CDATA[La suspension arrière d’un vélo se nomme en général amortisseur. La suspension avant est la fourche.]]></content></section><section id='1'><content><![CDATA[<P>Les amortisseurs assurent fermeté ou souplesse : ils déterminent dans quelle mesure le cycliste ressent les irrégularités de la route. Les vélos à suspension intégrale ont une suspension à l’avant et à l’arrière ; les autres, souvent appelés« hardtails», n’ont qu’une fourche avant.</P><P>Les amortisseurs diminuent le contrôle du vélo. Il existe des amortisseurs à ressorts ou à air. </P><P>Les systèmes de suspension comportent un mécanisme d’amortissement qui augmente ou diminue le taux de compression.</P><P>La course est la distance de déplacement de la roue entre les états de compression inférieur et supérieur.</P>]]></content></section></articledata>",First name Last name,21/01/2008,,"amortisseur, arrière, suspension, ressort, air, amortissement, compression",First name Last name,21/01/2008,Publié,Procédure
AKB-01015,Composants,Informations de base sur les pédales et les cale-pied,{7552e9f9-3708-406f-9c7a-efcaea2f1a18},"<articledata><section id='0'><content><![CDATA[La pédale inclut les pièces suivantes : cône de roulement, vis de serrage, roulement, axe, rondelle, et le corps de la pédale sur lequel vous posez le pied.]]></content></section><section id='1'><content><![CDATA[<P>Des cale-pied se fixent aux pédales pour maintenir le pied sur la pédale.</P><P>Avec des pédales clipless, vous pouvez fixer votre pied directement sur la pédale au moyen de chaussures équipées de cales, comparables aux fixations de ski. La cale est livrée avec la pédale, et se visse sur la semelle de la chaussure. De telles pédales nécessitent plus d’entretien et doivent être gardées propres, sans boue et huilées. La tension nécessaire pour se fixer ou se libérer de la pédale peut être réglée</P><P>Les pédales droite et gauche ne se vissent pas dans le même sens, et doivent être installées chacune sur la bonne manivelle.</P>]]></content></section></articledata>",First name Last name,21/01/2008,,"pédale, cale-pied, cône, écrou, boulon, roulement, axe, rondelle",First name Last name,21/01/2008,Brouillon,Procédure
AKB-01019,Informations générales - Société,Garantie limitée Adventure Works Cycle,{ddaff718-4de6-4df8-a731-f0e1eb807e05},"<articledata><section id='0'><content><![CDATA[Adventure Works Cycle garantit au PREMIER PROPRIéTAIRE que ce vélo est exempt de défauts matériel et main d’œuvre pour une durée de 1 an. Cette garantie est assortie des restrictions suivantes. Certaines pièces peuvent être garanties plus longtemps.  Vous DEVEZ remplir la carte de garantie et nous l’adresser pour pouvoir faire intervenir cette garantie.]]></content></section><section id='1'><content><![CDATA[<P>Tous les modèles Tourisme, Route et VTT sont couverts dans les conditions suivantes :</P><P>Cadres 5 ans<BR>Fourches 2 ans<BR>Toutes les autres pièces 1 an</P><P>Limitations<BR>1) Ne sont pas couverts les dommages dus à une mauvaise utilisation, des acrobaties, des sauts, des collisions, la négligence ou un défaut d’entretien.<BR>2) L’usure normale n’est pas couverte.  Les crevaisons sont considérées comme de l’usure normale.<BR>3) Une preuve d’achat est exigée.<BR>4) Votre carte de garantie doit nous avoir été retournée.<BR>5) La garantie ne s’applique qu’au premier propriétaire.</P><P>Pour une intervention sous garantie, confiez votre vélo à votre revendeur local.</P>]]></content></section></articledata>",First name Last name,21/01/2008,,"garantie, limitée, carte, limitation",First name Last name,21/01/2008,Brouillon,Procédure
AKB-01006,Composants,Informations de base sur la manivelle,{43e51b9a-22d3-4a42-bea7-f711b425a61e},"<articledata><section id='0'><content><![CDATA[manivelle, bras, plateau, assemblage, boulon, changement de vitesse, goupille, croisillon, pédalier, braquet, facteur Q]]></content></section><section id='1'><content><![CDATA[<P>Les pédales doivent être fixées sur les bras de manivelle. </P><P>Les vélos à l’ancienne avaient des manivelles d’une seule pièce. C’est encore le cas pour les vélos BMX et freestyle.</P><P>Le facteur Q est la distance entre les points d’attache des pédales (les trous des pédales) à l’ extérieur des manivelles.</P>]]></content></section></articledata>",First name Last name,21/01/2008,,,First name Last name,21/01/2008,Non approuvé,Procédure
AKB-01034,Service,remise en état de la suspension,{01ca785a-1a94-4ad8-a107-fd27cbc83157},"<articledata><section id='0'><content>Retirez la roue avant. Retirez le frein avant et l’entretoise qui tient le frein et maintient parallèles les tubes de la fourche. Vous trouverez peut-être des capsules en plastique aux extrémités des tubes de fourche, que vous pouvez retirer soigneusement à l’aide d’un tournevis. Vous pouvez trouver des boulons à tête hexagonale dans le haut et le bas des tubes de fourche. Dévissez-les, pour démonter les deux parties de la fourche. Vous trouverez peut-être un clip en forme de C en haut de la partie la plus épaisse du tube de fourche. Retirez avec soin ce clip avec un outil adapté. Vous pouvez le faire (prudemment) avec un petit tournevis et une pince à bec effilé, mais il vous faudra beaucoup de patience. Tirez lentement le tube de fourche, en le tenant vertical, pour le cas où il contiendrait de l’huile. Dans ce cas, vous risquez d’en envoyer partout si vous retirez le tube trop brusquement. Notez le niveau de l’huile, et remettez-en la même quantité si les joints n’ont pas fui. Sinon, consultez les spécifications du constructeur pour savoir combien d’huile utiliser. Nettoyez soigneusement les fourches, car la poussière ou la corrosion peuvent attaquer rapidement les joints. Réassemblez et ajustez, en vérifiant que les tubes de fourche sont fixés à la même hauteur. Placez d’abord tous les boulons sans les serrer, pour pouvoir tous les mettre sans forcer et sans fausser le filetage, puis serrez-le tous lorsque l’assemblage est terminé. Sachez que beaucoup de ces écrous sont filetés directement dans l’alliage d’aluminium, et s’abîment facilement. Mettez un peu de graisse sur le filetage des écrous si vous roulez par temps humide ; ainsi, vous pourrez encore dévisser les boulons deux ans plus tard. Après avoir remis les fourches en état, assurez-vous que le frein avant est correctement réajusté.</content></section></articledata>",First name Last name,21/01/2008,remise en état de la suspension,"remise en état, suspension",First name Last name,21/01/2008,Publié,Procédure
